评审维度,评估标准,评估结果,关键发现,门禁达标
完整性,"IEEE 830：功能/非功能/接口/数据/约束需求齐备且细化",不达标,"SRS 仅史诗级功能清单（REQ-001~037 + REQ-XXX 待补）；缺子功能、输入输出、前置后置、业务规则、异常、数据模型、假设与依赖、未来需求等标准章节；03/05/06/07 有骨架但缺细化",否
一致性,需求内部及需求与实现无矛盾,部分达标（主要缺陷）,"EXT-002、07_质量属性（可靠-降级、兼容-多后端）仍列 llama.cpp 三后端，但 ADR-007(80ec979) 已移除 llama-server 统一 ollama 单容器；SRS 10_追溯矩阵 与 台账/08 编号体系不一致；05_性能 102/102 与 AGENTS 105/105 不一致",否
可测试性,每条需求含量化、可验证验收标准,不达标,"04_功能需求.csv 仅含 功能描述/角色/优先级/状态，无 IEEE 830 验收标准列；PERF 仅 2 项且非逐需求；多数 QA 项无量化阈值",否
可追溯性,需求编号可追溯至来源/设计/测试/数据,不达标,"SRS 10_追溯矩阵仅 4 行，缺 REQ-003/004/005/035/036；台账/08 中 CHAT-09~11、LIFE-07 的 接口/数据/测试/设计 均为 TBD；REQ- 与 CHAT/OFF/LIFE/SHARED- 双编号体系无映射",否
合规性,满足数据/安全合规与标准,条件达标,"本地加密/不迁云端/凭证隔离已覆盖；但 SRS 未同步 ADR-007 的合法变更，存在『实现≠基线』偏离风险；08_其他需求 称 A/B/C 分级遵循 iron_rules §3，iron_rules 是否存在/定义待核实",条件否
门禁-追溯覆盖率,100% 覆盖,不达标,"存在 TBD 断链且 SRS 内部追溯缺失多项",否
门禁-冲突消解,记录为空或全部关闭,达标,"CONF-001~005 均已消解",是
门禁-验收标准覆盖,每条需求含量化验收标准,不达标,"功能需求普遍缺验收标准列",否
门禁-标准合规,无合规违规,条件不达标,"llama.cpp 残留导致 SRS 与已采纳决策/实现不一致",否
评审结论,,"不通过（转整改）","五维度中 完整性/一致性/可测试性/可追溯性 未达标，前置门禁①④未过；须先闭环严重/主要缺陷后再行复核",
